"会社名","郵便番号","代表電話番号","都道府県","市区町村","町域名","郵便番号","都道府県","市区町村","町域名"
"戸田ネットソリューションズ","","092-123-XXXX","","","","","","",""
"田端食品","","050-3333-XXXX","","","","","","",""
"株式会社中川工業","","042-111-XXXX","","","","","","",""
"池田学院大学","","03-9876-XXXX","","","","","","",""
"寺島総合法律事務所","","080-8642-XXXX","","","","","","",""
"有限会社亀山","","03-9000-XXXX","","","","","","",""
"中丸建設（株）","","03-9876-XXXX","","","","","","",""
"大盛電機株式会社","","050-3160-XXXX","","","","","","",""
"ミヤタシステムズ","","06-1234-XXXX","","","","","","",""
"富岡公認会計士事務所","","03-5805-XXXX","","","","","","",""
"塚本ソフトウェア","","092-123-XXXX","","","","","","",""
"千葉コールセンター","","050-3333-XXXX","","","","","","",""
"仲間建材工業","","042-111-XXXX","","","","","","",""
"株式会社井上技研","","03-9876-XXXX","","","","","","",""
"鈴木土地建物","","080-8642-XXXX","","","","","","",""
"安井電機","","03-9000-XXXX","","","","","","",""
"草刈組","","03-9876-XXXX","","","","","","",""
"岡崎商会","","050-3160-XXXX","","","","","","",""
"岩下税理士事務所","","06-1234-XXXX","","","","","","",""
"新山物産","","03-5805-XXXX","","","","","","",""
"日野エンジニアリング","","092-123-XXXX","","","","","","",""
"森川不動産","","050-3333-XXXX","","","","","","",""
"才望製作所","","042-111-XXXX","","","","","","",""
"医療法人　坊主会","","03-9876-XXXX","","","","","","",""
"東山産業","","080-8642-XXXX","","","","","","",""
"板橋電子株式会社","","03-9000-XXXX","","","","","","",""
"株式会社田村企画","","03-9876-XXXX","","","","","","",""
"林田商会","7900003","050-3160-XXXX","愛媛県","松山市","三番町","","","",""
"金都運総研","5300017","06-1234-XXXX","大阪府","大阪市北区","角田町","","","",""
"二宮商事","1036028","03-5805-XXXX","東京都","中央区","日本橋東京日本橋タワー","","","",""
